"source_id","title","url","source_type","owner_or_publisher","usage_lanes","license_or_usage_note","source_confidence","retrieved_at","notes"
"src_macallan_double_cask_official","The Macallan Double Cask 12 Years Old","https://www.themacallan.com/en/whisky/single-malts/double-cask-12-years-old","official_producer","The Macallan","catalog;flavor;knowledge","Use as source reference only; paraphrase all notes.","high","2026-05-22","Official product page for identity and producer tasting context."
"src_buffalo_trace_official","Buffalo Trace Kentucky Straight Bourbon Whiskey","https://www.buffalotracedistillery.com/our-brands/buffalo-trace.html","official_producer","Buffalo Trace Distillery","catalog;flavor;knowledge","Use as source reference only; paraphrase all notes.","high","2026-05-22","Official product page."
"src_laphroaig_10_official","Laphroaig 10 Year Old","https://www.laphroaig.com/en/whiskies/10-year-old","official_producer","Laphroaig","catalog;flavor;knowledge","Use as source reference only; paraphrase all notes.","high","2026-05-22","Official product page."
"src_macallan_twe_price","Macallan 12 Year Old Double Cask price observation","https://www.thewhiskyexchange.com/p/31791/macallan-12-year-old-double-cask","retailer","The Whisky Exchange","price","Retailer price is point-in-time observation only, not a live offer.","medium","2026-05-22","Search result observed GBP 74.95."
"src_laphroaig_twe_price","Laphroaig 10 Year Old price observation","https://www.thewhiskyexchange.com/p/456/laphroaig-10-year-old","retailer","The Whisky Exchange","price","Retailer price is point-in-time observation only, not a live offer.","medium","2026-05-22","Search result observed GBP 29.95 special offer and GBP 39.95 regular reference."
"src_kim_crawford_official","Kim Crawford Sauvignon Blanc","https://www.kimcrawfordwines.com/us/en/wines/sauvignon-blanc/5637150939.p","official_producer","Kim Crawford","catalog;flavor;knowledge","Use as source reference only; paraphrase all notes.","high","2026-05-22","Official product page."
"src_kim_crawford_winecom_price","Kim Crawford Sauvignon Blanc price observation","https://www.wine.com/product/kim-crawford-sauvignon-blanc-2024/2168341","retailer","Wine.com","price","Retailer price is point-in-time observation only, not a live offer.","medium","2026-05-22","Search result observed USD 15.97."
"src_louis_jadot_official","Louis Jadot Beaujolais-Villages","https://www.louisjadot.com/en/wines/beaujolais-villages/","official_producer","Maison Louis Jadot","catalog;flavor;knowledge","Use as source reference only; paraphrase all notes.","high","2026-05-22","Official product page."
"src_louis_jadot_winecom_price","Louis Jadot Beaujolais-Villages price observation","https://www.wine.com/product/louis-jadot-beaujolais-villages-2023/2071157","retailer","Wine.com","price","Retailer price is point-in-time observation only, not a live offer.","medium","2026-05-22","Search result observed USD 13.97."
"src_guinness_draught_official","Guinness Draught","https://www.guinness.com/en-us/beers/guinness-draught","official_producer","Guinness","catalog;flavor;knowledge","Use as source reference only; paraphrase all notes.","high","2026-05-22","Official product page."
"src_asahi_super_dry_official","Asahi Super Dry","https://www.asahisuperdry.com/","official_producer","Asahi","catalog;flavor;knowledge","Use as source reference only; paraphrase all notes.","high","2026-05-22","Official brand site."
"src_iba_negroni","IBA Negroni official cocktail","https://iba-world.com/negroni/","official_institution_or_association","International Bartenders Association","catalog;flavor;knowledge","Use as source reference only; paraphrase recipe and context.","high","2026-05-22","Official IBA cocktail recipe."
"src_iba_margarita","IBA Margarita official cocktail","https://iba-world.com/margarita/","official_institution_or_association","International Bartenders Association","catalog;flavor;knowledge","Use as source reference only; paraphrase recipe and context.","high","2026-05-22","Official IBA cocktail recipe."
"src_hwayo_official","Hwayo official products","https://www.hwayo.com/english/product/product_25.php","official_producer","Hwayo","catalog;flavor;knowledge","Use as source reference only; paraphrase all notes.","high","2026-05-22","Official Hwayo 25 page."
"src_hwayo_traders_price","Hwayo 25 Traders package press reference","https://www.hwayo.com/english/promote/news_01.php?code=news_01&idx=33&page=1&ptype=view","official_producer","Hwayo","price","Official press/news price reference; historical only.","medium","2026-05-22","Historical KRW 25,980 package reference from official source."
"src_kooksoondang_makgeolli_official","Kooksoondang Draft Makgeolli","https://www.ksdb.co.kr/en/product/draft.asp","official_producer","Kooksoondang","catalog;flavor;knowledge","Use as source reference only; paraphrase all notes.","high","2026-05-22","Official product page."
"src_dassai_45_official","Dassai 45","https://dassai.com/en/product/45/","official_producer","Asahi Shuzo","catalog;flavor;knowledge","Use as source reference only; paraphrase all notes.","high","2026-05-22","Official product page."
"src_iichiko_silhouette_official","iichiko Silhouette","https://www.iichiko.com/products/silhouette/","official_producer","Sanwa Shurui","catalog;flavor;knowledge","Use as source reference only; paraphrase all notes.","high","2026-05-22","Official product page."
"src_tanqueray_london_dry_official","Tanqueray London Dry Gin","https://www.tanqueray.com/en-us/gins/tanqueray-london-dry-gin/","official_producer","Tanqueray","catalog;flavor;knowledge","Use as source reference only; paraphrase all notes.","high","2026-05-22","Official product page."
"src_tanqueray_tesco_price","Tanqueray London Dry Gin Tesco price observation","https://www.tesco.com/groceries/en-GB/products/252762766","retailer","Tesco","price","Retailer price is point-in-time observation only, not a live offer.","medium","2026-05-22","Search result observed GBP 23.00 standard price."
"src_hendricks_official","Hendrick's Gin","https://www.hendricksgin.com/us/","official_producer","Hendrick's Gin","catalog;flavor;knowledge","Use as source reference only; paraphrase all notes.","high","2026-05-22","Official brand site."
"src_bacardi_carta_blanca_official","Bacardi Carta Blanca","https://www.bacardi.com/uk/en/rum/carta-blanca/","official_producer","Bacardi","catalog;flavor;knowledge","Use as source reference only; paraphrase all notes.","high","2026-05-22","UK official product page; ABV may vary by market."
"src_appleton_signature_official","Appleton Estate Signature","https://appletonestate.com/en/our-rums/signature/","official_producer","Appleton Estate","catalog;flavor;knowledge","Use as source reference only; paraphrase all notes.","high","2026-05-22","Official product page."
"src_appleton_twe_price","Appleton Estate Signature price observation","https://www.thewhiskyexchange.com/p/29695/appleton-estate-signature-blend-rum","retailer","The Whisky Exchange","price","Retailer price is point-in-time observation only, not a live offer.","medium","2026-05-22","Search result observed GBP 26.95."
"src_patron_silver_official","Patron Silver Tequila","https://www.patrontequila.com/products/patron-silver","official_producer","Patron","catalog;flavor;knowledge","Use as source reference only; paraphrase all notes.","high","2026-05-22","Official product page."
"src_del_maguey_vida_official","Del Maguey VIDA Puebla Mezcal","https://delmaguey.com/product/vida/","official_producer","Del Maguey","catalog;flavor;knowledge","Use as source reference only; paraphrase all notes.","high","2026-05-22","Official product page."
"src_del_maguey_vida_sellsheet","Del Maguey VIDA sell sheet","https://delmaguey.com/wp-content/uploads/sellsheets/VIDA-SellSheet-3-10-2021.pdf","official_producer","Del Maguey","catalog;flavor","Use as source reference only; paraphrase all notes.","high","2026-05-22","Official sell sheet used for ABV support."
"src_absolut_official","Absolut Vodka","https://www.absolut.com/en/products/absolut-vodka/","official_producer","Absolut","catalog;flavor;knowledge","Use as source reference only; paraphrase all notes.","high","2026-05-22","Official product page."
"src_absolut_totalwine_price","Absolut Vodka price observation","https://www.totalwine.com/spirits/vodka/vodka/absolut-vodka/p/2131750","retailer","Total Wine & More","price","Retailer price is point-in-time observation only, not a live offer.","medium","2026-05-22","Search result observed USD 13.99."
"src_grey_goose_official","Grey Goose Vodka","https://www.greygoose.com/products/grey-goose-vodka.html","official_producer","Grey Goose","catalog;flavor;knowledge","Use as source reference only; paraphrase all notes.","high","2026-05-22","Official product page."
"src_hennessy_vsop_official","Hennessy V.S.O.P","https://www.hennessy.com/en-int/cognac/hennessy-vsop","official_producer","Hennessy","catalog;flavor;knowledge","Use as source reference only; paraphrase all notes.","high","2026-05-22","Official product page."
"src_remy_martin_vsop_official","Remy Martin VSOP","https://www.remymartin.com/en-us/cognacs/remy-martin-vsop/","official_producer","Remy Martin","catalog;flavor;knowledge","Use as source reference only; paraphrase all notes.","high","2026-05-22","Official product page."
"src_baileys_official","Baileys Original Irish Cream","https://www.baileys.com/en-us/products/baileys-original-irish-cream/","official_producer","Baileys","catalog;flavor;knowledge","Use as source reference only; paraphrase all notes.","high","2026-05-22","Official product page."
"src_baileys_va_abc_price","Virginia ABC quarterly price list","https://www.abc.virginia.gov/library/products/pdfs/quarterly-price-list-october--december-2025.pdf","official_institution_or_association","Virginia Alcoholic Beverage Control Authority","price","Government price list; historical point-in-time only.","medium","2026-05-22","Search result observed Baileys 750ml USD 32.99 in price list."
"src_kahlua_official","Kahlua Original Coffee Liqueur","https://www.kahlua.com/en-us/products/original/","official_producer","Kahlua","catalog;flavor;knowledge","Use as source reference only; paraphrase all notes.","high","2026-05-22","Official product page."
"src_kahlua_retail_price","Kahlua Original Coffee Liqueur price observation","https://thebarreltap.com/products/kahlua-coffee-liqueur","retailer","The Barrel Tap","price","Retailer price is point-in-time observation only, not a live offer.","low_medium","2026-05-22","Search result observed USD 27.99 sale price."
"src_jameson_irish_whiskey_official","Jameson Irish Whiskey","https://www.jamesonwhiskey.com/en/our-whiskeys/jameson-irish-whiskey/","official_producer","Jameson","catalog;flavor;knowledge","Use as source reference only; paraphrase all notes.","high","2026-05-22","Expansion-run source for Jameson Irish Whiskey candidate identity, style, and review context."
"src_glenfiddich_12_year_old_official","Glenfiddich 12 Year Old","https://www.glenfiddich.com/en/our-whisky/our-whiskies/12-year-old/","official_producer","Glenfiddich","catalog;flavor;knowledge","Use as source reference only; paraphrase all notes.","high","2026-05-22","Expansion-run source for Glenfiddich 12 Year Old candidate identity, style, and review context."
"src_johnnie_walker_black_label_official","Johnnie Walker Black Label","https://www.johnniewalker.com/en/our-whisky/johnnie-walker-colours/black-label/","official_producer","Johnnie Walker","catalog;flavor;knowledge","Use as source reference only; paraphrase all notes.","high","2026-05-22","Expansion-run source for Johnnie Walker Black Label candidate identity, style, and review context."
"src_maker_s_mark_bourbon_official","Maker's Mark Bourbon","https://www.makersmark.com/bourbons/makers-mark","official_producer","Maker's Mark","catalog;flavor;knowledge","Use as source reference only; paraphrase all notes.","high","2026-05-22","Expansion-run source for Maker's Mark Bourbon candidate identity, style, and review context."
"src_hibiki_japanese_harmony_official","Hibiki Japanese Harmony","https://house.suntory.com/hibiki-whisky/japanese-harmony","official_producer","Suntory","catalog;flavor;knowledge","Use as source reference only; paraphrase all notes.","high","2026-05-22","Expansion-run source for Hibiki Japanese Harmony candidate identity, style, and review context."
"src_yamazaki_12_year_old_official","Yamazaki 12 Year Old","https://house.suntory.com/yamazaki-whisky/single-malt-12-year-old","official_producer","Suntory","catalog;flavor;knowledge","Use as source reference only; paraphrase all notes.","high","2026-05-22","Expansion-run source for Yamazaki 12 Year Old candidate identity, style, and review context."
"src_ardbeg_10_year_old_official","Ardbeg Ten Years Old","https://www.ardbeg.com/en-gb/whiskies/ultimate-range/ten-years-old","official_producer","Ardbeg","catalog;flavor;knowledge","Use as source reference only; paraphrase all notes.","high","2026-05-22","Expansion-run source for Ardbeg 10 Year Old candidate identity, style, and review context."
"src_cloudy_bay_sauvignon_blanc_official","Cloudy Bay Sauvignon Blanc","https://www.cloudybay.com/our-wines/sauvignon-blanc","official_producer","Cloudy Bay","catalog;flavor;knowledge","Use as source reference only; paraphrase all notes.","high","2026-05-22","Expansion-run source for Cloudy Bay Sauvignon Blanc candidate identity, style, and review context."
"src_santa_margherita_pinot_grigio_official","Santa Margherita Pinot Grigio","https://santamargheritausa.com/wines/pinot-grigio/","official_producer","Santa Margherita","catalog;flavor;knowledge","Use as source reference only; paraphrase all notes.","high","2026-05-22","Expansion-run source for Santa Margherita Pinot Grigio candidate identity, style, and review context."
"src_robert_mondavi_private_selection_cabernet_sauvignon_official","Robert Mondavi Private Selection Cabernet Sauvignon","https://www.robertmondaviprivateselection.com/wines/cabernet-sauvignon/","official_producer","Robert Mondavi Private Selection","catalog;flavor;knowledge","Use as source reference only; paraphrase all notes.","high","2026-05-22","Expansion-run source for Robert Mondavi Private Selection Cabernet Sauvignon candidate identity, style, and review context."
"src_mouton_cadet_rouge_official","Mouton Cadet Rouge","https://www.moutoncadet.com/en/wines/mouton-cadet-rouge/","official_producer","Mouton Cadet","catalog;flavor;knowledge","Use as source reference only; paraphrase all notes.","high","2026-05-22","Expansion-run source for Mouton Cadet Rouge candidate identity, style, and review context."
"src_casillero_del_diablo_cabernet_sauvignon_official","Casillero del Diablo Cabernet Sauvignon","https://www.casillerodeldiablo.com/en/wine/cabernet-sauvignon/","official_producer","Casillero del Diablo","catalog;flavor;knowledge","Use as source reference only; paraphrase all notes.","high","2026-05-22","Expansion-run source for Casillero del Diablo Cabernet Sauvignon candidate identity, style, and review context."
"src_yellow_tail_chardonnay_official","Yellow Tail Chardonnay","https://www.yellowtailwine.com/us/product/chardonnay/","official_producer","Yellow Tail","catalog;flavor;knowledge","Use as source reference only; paraphrase all notes.","high","2026-05-22","Expansion-run source for Yellow Tail Chardonnay candidate identity, style, and review context."
"src_moet_and_chandon_brut_imperial_official","Moet Imperial","https://www.moet.com/en-us/moet-imperial","official_producer","Moet & Chandon","catalog;flavor;knowledge","Use as source reference only; paraphrase all notes.","high","2026-05-22","Expansion-run source for Moet & Chandon Brut Imperial candidate identity, style, and review context."
"src_veuve_clicquot_yellow_label_brut_official","Veuve Clicquot Yellow Label","https://www.veuveclicquot.com/en-int/yellow-label","official_producer","Veuve Clicquot","catalog;flavor;knowledge","Use as source reference only; paraphrase all notes.","high","2026-05-22","Expansion-run source for Veuve Clicquot Yellow Label Brut candidate identity, style, and review context."
"src_heineken_original_official","Heineken Original","https://www.heineken.com/global/en/our-products/heineken-original","official_producer","Heineken","catalog;flavor;knowledge","Use as source reference only; paraphrase all notes.","high","2026-05-22","Expansion-run source for Heineken Original candidate identity, style, and review context."
"src_corona_extra_official","Corona Extra","https://www.corona.com/en-us/our-cervezas/corona-extra","official_producer","Corona","catalog;flavor;knowledge","Use as source reference only; paraphrase all notes.","high","2026-05-22","Expansion-run source for Corona Extra candidate identity, style, and review context."
"src_hoegaarden_original_white_ale_official","Hoegaarden Original","https://hoegaarden.com/beer/hoegaarden-original/","official_producer","Hoegaarden","catalog;flavor;knowledge","Use as source reference only; paraphrase all notes.","high","2026-05-22","Expansion-run source for Hoegaarden Original White Ale candidate identity, style, and review context."
"src_stella_artois_lager_official","Stella Artois Lager","https://www.stellaartois.com/en_us/beers/stella-artois-lager/","official_producer","Stella Artois","catalog;flavor;knowledge","Use as source reference only; paraphrase all notes.","high","2026-05-22","Expansion-run source for Stella Artois Lager candidate identity, style, and review context."
"src_budweiser_official","Budweiser","https://us.budweiser.com/products/budweiser","official_producer","Budweiser","catalog;flavor;knowledge","Use as source reference only; paraphrase all notes.","high","2026-05-22","Expansion-run source for Budweiser candidate identity, style, and review context."
"src_sapporo_premium_beer_official","Sapporo Premium Beer","https://sapporobeer.com/beer/sapporo-premium/","official_producer","Sapporo","catalog;flavor;knowledge","Use as source reference only; paraphrase all notes.","high","2026-05-22","Expansion-run source for Sapporo Premium Beer candidate identity, style, and review context."
"src_tsingtao_lager_official","Tsingtao Beer","https://www.tsingtaobeer.com/","official_producer","Tsingtao","catalog;flavor;knowledge","Use as source reference only; paraphrase all notes.","medium","2026-05-22","Expansion-run source for Tsingtao Lager candidate identity, style, and review context."
"src_peroni_nastro_azzurro_official","Peroni Nastro Azzurro","https://www.peroniitaly.com/en/beers/peroni-nastro-azzurro/","official_producer","Peroni","catalog;flavor;knowledge","Use as source reference only; paraphrase all notes.","high","2026-05-22","Expansion-run source for Peroni Nastro Azzurro candidate identity, style, and review context."
"src_iba_dry_martini","IBA Dry Martini","https://iba-world.com/dry-martini/","official_institution_or_association","International Bartenders Association","catalog;flavor;knowledge","Use as source reference only; paraphrase all notes.","high","2026-05-22","Expansion-run source for Dry Martini candidate identity, style, and review context."
"src_iba_mojito","IBA Mojito","https://iba-world.com/mojito/","official_institution_or_association","International Bartenders Association","catalog;flavor;knowledge","Use as source reference only; paraphrase all notes.","high","2026-05-22","Expansion-run source for Mojito candidate identity, style, and review context."
"src_iba_daiquiri","IBA Daiquiri","https://iba-world.com/daiquiri/","official_institution_or_association","International Bartenders Association","catalog;flavor;knowledge","Use as source reference only; paraphrase all notes.","high","2026-05-22","Expansion-run source for Daiquiri candidate identity, style, and review context."
"src_iba_old_fashioned","IBA Old Fashioned","https://iba-world.com/old-fashioned/","official_institution_or_association","International Bartenders Association","catalog;flavor;knowledge","Use as source reference only; paraphrase all notes.","high","2026-05-22","Expansion-run source for Old Fashioned candidate identity, style, and review context."
"src_iba_manhattan","IBA Manhattan","https://iba-world.com/manhattan/","official_institution_or_association","International Bartenders Association","catalog;flavor;knowledge","Use as source reference only; paraphrase all notes.","high","2026-05-22","Expansion-run source for Manhattan candidate identity, style, and review context."
"src_iba_moscow_mule","IBA Moscow Mule","https://iba-world.com/moscow-mule/","official_institution_or_association","International Bartenders Association","catalog;flavor;knowledge","Use as source reference only; paraphrase all notes.","high","2026-05-22","Expansion-run source for Moscow Mule candidate identity, style, and review context."
"src_iba_aperol_spritz","IBA Aperol Spritz","https://iba-world.com/spritz/","official_institution_or_association","International Bartenders Association","catalog;flavor;knowledge","Use as source reference only; paraphrase all notes.","high","2026-05-22","Expansion-run source for Aperol Spritz candidate identity, style, and review context."
"src_iba_espresso_martini","IBA Espresso Martini","https://iba-world.com/espresso-martini/","official_institution_or_association","International Bartenders Association","catalog;flavor;knowledge","Use as source reference only; paraphrase all notes.","high","2026-05-22","Expansion-run source for Espresso Martini candidate identity, style, and review context."
"src_jinro_chamisul_fresh_official","Jinro Chamisul Fresh","https://www.jinro-soju.com/products/jinro-chamisul-fresh","official_importer_or_distributor","HiteJinro","catalog;flavor;knowledge","Use as source reference only; paraphrase all notes.","medium","2026-05-22","Expansion-run source for Jinro Chamisul Fresh candidate identity, style, and review context."
"src_jinro_is_back_official","Jinro Is Back","https://www.jinro-soju.com/products/jinro-is-back","official_importer_or_distributor","HiteJinro","catalog;flavor;knowledge","Use as source reference only; paraphrase all notes.","medium","2026-05-22","Expansion-run source for Jinro Is Back candidate identity, style, and review context."
"src_chum_churum_original_official","Chum Churum","https://lotteliquorus.com/chum-churum/","official_importer_or_distributor","Lotte Chilsung Beverage","catalog;flavor;knowledge","Use as source reference only; paraphrase all notes.","medium","2026-05-22","Expansion-run source for Chum Churum Original candidate identity, style, and review context."
"src_hwayo_41_official","Hwayo 41","https://www.hwayo.com/english/product/product_41.php","official_producer","Hwayo","catalog;flavor;knowledge","Use as source reference only; paraphrase all notes.","high","2026-05-22","Expansion-run source for Hwayo 41 candidate identity, style, and review context."
"src_kooksoondang_bekseju_official","Kooksoondang Bekseju","https://global.ksdb.co.kr/en/ourbrands/bekseju.asp","official_producer","Kooksoondang","catalog;flavor;knowledge","Use as source reference only; paraphrase all notes.","high","2026-05-22","Expansion-run source for Kooksoondang Bekseju candidate identity, style, and review context."
"src_kooksoondang_100_billion_prebiotics_makgeolli_official","Kooksoondang 100 Billion Prebiotics Makgeolli","https://global.ksdb.co.kr/en/ourbrands/premium_mak.asp","official_producer","Kooksoondang","catalog;flavor;knowledge","Use as source reference only; paraphrase all notes.","high","2026-05-22","Expansion-run source for Kooksoondang 100 Billion Prebiotics Makgeolli candidate identity, style, and review context."
"src_boksun_doga_son_makgeolli_official","Boksun Doga Son Makgeolli","https://sool.soundedfun.dev/en/product/boksun-doga-son-makgeolli","public_data","Boksoondoga","catalog;flavor;knowledge","Use as source reference only; paraphrase all notes.","medium","2026-05-22","Expansion-run source for Boksun Doga Son Makgeolli candidate identity, style, and review context."
"src_kooksoondang_korean_ginseng_liquor_official","Kooksoondang Korean Ginseng Liquor","https://global.ksdb.co.kr/en/ourbrands/ginseng.asp","official_producer","Kooksoondang","catalog;flavor;knowledge","Use as source reference only; paraphrase all notes.","high","2026-05-22","Expansion-run source for Kooksoondang Korean Ginseng Liquor candidate identity, style, and review context."
"src_kubota_senju_official","Kubota Senju","https://www.asahi-shuzo.co.jp/global/kubota/senju/","official_producer","Asahi Shuzo","catalog;flavor;knowledge","Use as source reference only; paraphrase all notes.","medium","2026-05-22","Expansion-run source for Kubota Senju candidate identity, style, and review context."
"src_hakkaisan_tokubetsu_junmai_official","Hakkaisan Tokubetsu Junmai","https://www.hakkaisanusa.com/shop/p/tokubetsu-junmai","official_importer_or_distributor","Hakkaisan","catalog;flavor;knowledge","Use as source reference only; paraphrase all notes.","high","2026-05-22","Expansion-run source for Hakkaisan Tokubetsu Junmai candidate identity, style, and review context."
"src_hakutsuru_sayuri_nigori_official","Hakutsuru Sayuri Nigori","https://www.hakutsuru-sake.com/global/us/product/sayuri_g/sayuri_720.html","official_producer","Hakutsuru","catalog;flavor;knowledge","Use as source reference only; paraphrase all notes.","high","2026-05-22","Expansion-run source for Hakutsuru Sayuri Nigori candidate identity, style, and review context."
"src_gekkeikan_traditional_sake_official","Gekkeikan Traditional Sake","https://www.gekkeikan-sake.com/products/traditional-sake/","official_producer","Gekkeikan","catalog;flavor;knowledge","Use as source reference only; paraphrase all notes.","medium","2026-05-22","Expansion-run source for Gekkeikan Traditional Sake candidate identity, style, and review context."
"src_kikusui_funaguchi_official","Kikusui Funaguchi","https://www.kikusui-sake.com/home/en/products/funaguchi/","official_producer","Kikusui","catalog;flavor;knowledge","Use as source reference only; paraphrase all notes.","medium","2026-05-22","Expansion-run source for Kikusui Funaguchi candidate identity, style, and review context."
"src_kuro_kirishima_official","Kuro Kirishima","https://en.www.kirishima.co.jp/products/imo/kuro-kirishima/","official_producer","Kirishima Shuzo","catalog;flavor;knowledge;price","Use as source reference only; paraphrase all notes.","high","2026-05-22","Expansion-run source for Kuro Kirishima candidate identity, style, and review context."
"src_ozeki_hana_awaka_sparkling_sake_official","Ozeki Hana Awaka Sparkling Sake","https://www.ozekisake.com/products/hana-awaka/","official_producer","Ozeki","catalog;flavor;knowledge","Use as source reference only; paraphrase all notes.","medium","2026-05-22","Expansion-run source for Ozeki Hana Awaka Sparkling Sake candidate identity, style, and review context."
"src_sho_chiku_bai_classic_junmai_official","Sho Chiku Bai Classic Junmai","https://www.takarasake.com/products/sho-chiku-bai-classic-junmai","official_importer_or_distributor","Takara Sake USA","catalog;flavor;knowledge","Use as source reference only; paraphrase all notes.","medium","2026-05-22","Expansion-run source for Sho Chiku Bai Classic Junmai candidate identity, style, and review context."
"src_beefeater_london_dry_gin_official","Beefeater London Dry Gin","https://www.beefeatergin.com/en/products/beefeater-london-dry-gin/","official_producer","Beefeater","catalog;flavor;knowledge","Use as source reference only; paraphrase all notes.","high","2026-05-22","Expansion-run source for Beefeater London Dry Gin candidate identity, style, and review context."
"src_bombay_sapphire_gin_official","Bombay Sapphire Gin","https://www.bombaysapphire.com/products/bombay-sapphire/","official_producer","Bombay Sapphire","catalog;flavor;knowledge","Use as source reference only; paraphrase all notes.","high","2026-05-22","Expansion-run source for Bombay Sapphire Gin candidate identity, style, and review context."
"src_gordon_s_london_dry_gin_official","Gordon's London Dry Gin","https://www.gordonsgin.com/en/products/gordons-london-dry-gin/","official_producer","Gordon's","catalog;flavor;knowledge","Use as source reference only; paraphrase all notes.","high","2026-05-22","Expansion-run source for Gordon's London Dry Gin candidate identity, style, and review context."
"src_monkey_47_schwarzwald_dry_gin_official","Monkey 47 Schwarzwald Dry Gin","https://monkey47.com/","official_producer","Monkey 47","catalog;flavor;knowledge","Use as source reference only; paraphrase all notes.","medium","2026-05-22","Expansion-run source for Monkey 47 Schwarzwald Dry Gin candidate identity, style, and review context."
"src_roku_gin_official","Roku Gin","https://house.suntory.com/roku-gin","official_producer","Suntory","catalog;flavor;knowledge","Use as source reference only; paraphrase all notes.","high","2026-05-22","Expansion-run source for Roku Gin candidate identity, style, and review context."
"src_the_botanist_islay_dry_gin_official","The Botanist Islay Dry Gin","https://www.thebotanist.com/product/the-botanist-islay-dry-gin/","official_producer","The Botanist","catalog;flavor;knowledge","Use as source reference only; paraphrase all notes.","high","2026-05-22","Expansion-run source for The Botanist Islay Dry Gin candidate identity, style, and review context."
"src_plymouth_gin_official","Plymouth Gin","https://www.plymouthgin.com/en-EN/products/plymouth-gin/","official_producer","Plymouth Gin","catalog;flavor;knowledge","Use as source reference only; paraphrase all notes.","high","2026-05-22","Expansion-run source for Plymouth Gin candidate identity, style, and review context."
"src_sipsmith_london_dry_gin_official","Sipsmith London Dry Gin","https://sipsmith.com/products/london-dry-gin","official_producer","Sipsmith","catalog;flavor;knowledge","Use as source reference only; paraphrase all notes.","high","2026-05-22","Expansion-run source for Sipsmith London Dry Gin candidate identity, style, and review context."
"src_havana_club_3_year_old_official","Havana Club 3","https://havana-club.com/en/products/havana-club-3/","official_producer","Havana Club","catalog;flavor;knowledge","Use as source reference only; paraphrase all notes.","high","2026-05-22","Expansion-run source for Havana Club 3 Year Old candidate identity, style, and review context."
"src_captain_morgan_original_spiced_gold_official","Captain Morgan Original Spiced Gold","https://www.captainmorgan.com/en-row/products/original-spiced-gold/","official_producer","Captain Morgan","catalog;flavor;knowledge","Use as source reference only; paraphrase all notes.","high","2026-05-22","Expansion-run source for Captain Morgan Original Spiced Gold candidate identity, style, and review context."
"src_mount_gay_eclipse_official","Mount Gay Eclipse","https://www.mountgayrum.com/rum/eclipse/","official_producer","Mount Gay","catalog;flavor;knowledge","Use as source reference only; paraphrase all notes.","high","2026-05-22","Expansion-run source for Mount Gay Eclipse candidate identity, style, and review context."
"src_planteray_3_stars_rum_official","Planteray 3 Stars Rum","https://planterayrum.com/rums/3-stars/","official_producer","Planteray Rum","catalog;flavor;knowledge","Use as source reference only; paraphrase all notes.","high","2026-05-22","Expansion-run source for Planteray 3 Stars Rum candidate identity, style, and review context."
"src_diplomatico_reserva_exclusiva_official","Diplomatico Reserva Exclusiva","https://rondiplomatico.com/rum/reserva-exclusiva/","official_producer","Diplomatico","catalog;flavor;knowledge","Use as source reference only; paraphrase all notes.","high","2026-05-22","Expansion-run source for Diplomatico Reserva Exclusiva candidate identity, style, and review context."
"src_myers_s_original_dark_rum_official","Myers's Original Dark Rum","https://www.myerssrum.com/","official_producer","Myers's","catalog;flavor;knowledge","Use as source reference only; paraphrase all notes.","medium","2026-05-22","Expansion-run source for Myers's Original Dark Rum candidate identity, style, and review context."
"src_goslings_black_seal_rum_official","Goslings Black Seal Rum","https://www.goslingsrum.com/black-seal-rum/","official_producer","Goslings","catalog;flavor;knowledge","Use as source reference only; paraphrase all notes.","high","2026-05-22","Expansion-run source for Goslings Black Seal Rum candidate identity, style, and review context."
"src_ron_zacapa_23_official","Ron Zacapa 23","https://www.ronzacapa.com/row/our-rums/zacapa-23/","official_producer","Ron Zacapa","catalog;flavor;knowledge","Use as source reference only; paraphrase all notes.","high","2026-05-22","Expansion-run source for Ron Zacapa 23 candidate identity, style, and review context."
"src_don_julio_blanco_official","Don Julio Blanco","https://www.donjulio.com/en-us/tequilas/don-julio-blanco","official_producer","Don Julio","catalog;flavor;knowledge","Use as source reference only; paraphrase all notes.","high","2026-05-22","Expansion-run source for Don Julio Blanco candidate identity, style, and review context."
"src_don_julio_1942_official","Don Julio 1942","https://www.donjulio.com/en-us/tequilas/don-julio-1942","official_producer","Don Julio","catalog;flavor;knowledge","Use as source reference only; paraphrase all notes.","high","2026-05-22","Expansion-run source for Don Julio 1942 candidate identity, style, and review context."
"src_jose_cuervo_especial_silver_official","Jose Cuervo Especial Silver","https://cuervo.com/products/especial-silver/","official_producer","Jose Cuervo","catalog;flavor;knowledge","Use as source reference only; paraphrase all notes.","high","2026-05-22","Expansion-run source for Jose Cuervo Especial Silver candidate identity, style, and review context."
"src_espolon_blanco_official","Espolon Blanco","https://www.tequilaespolon.com/products/blanco/","official_producer","Espolon","catalog;flavor;knowledge","Use as source reference only; paraphrase all notes.","high","2026-05-22","Expansion-run source for Espolon Blanco candidate identity, style, and review context."
"src_casamigos_blanco_official","Casamigos Blanco Tequila","https://www.casamigos.com/products/blanco-tequila/","official_producer","Casamigos","catalog;flavor;knowledge","Use as source reference only; paraphrase all notes.","high","2026-05-22","Expansion-run source for Casamigos Blanco candidate identity, style, and review context."
"src_olmeca_altos_plata_official","Olmeca Altos Plata","https://olmecaaltos.com/tequila/plata/","official_producer","Olmeca Altos","catalog;flavor;knowledge","Use as source reference only; paraphrase all notes.","high","2026-05-22","Expansion-run source for Olmeca Altos Plata candidate identity, style, and review context."
"src_clase_azul_tequila_reposado_official","Clase Azul Tequila Reposado","https://www.claseazul.com/clase-azul-family/clase-azul-tequila-reposado","official_producer","Clase Azul","catalog;flavor;knowledge","Use as source reference only; paraphrase all notes.","high","2026-05-22","Expansion-run source for Clase Azul Tequila Reposado candidate identity, style, and review context."
"src_ilegal_mezcal_joven_official","Ilegal Mezcal Joven","https://www.ilegalmezcal.com/mezcal/joven/","official_producer","Ilegal Mezcal","catalog;flavor;knowledge","Use as source reference only; paraphrase all notes.","high","2026-05-22","Expansion-run source for Ilegal Mezcal Joven candidate identity, style, and review context."
"src_smirnoff_no_21_vodka_official","Smirnoff No. 21 Vodka","https://www.smirnoff.com/en-us/products/vodkas-and-flavors/smirnoff-no-21-vodka/","official_producer","Smirnoff","catalog;flavor;knowledge","Use as source reference only; paraphrase all notes.","high","2026-05-22","Expansion-run source for Smirnoff No. 21 Vodka candidate identity, style, and review context."
"src_belvedere_vodka_official","Belvedere Vodka","https://www.belvederevodka.com/products/belvedere-vodka/","official_producer","Belvedere","catalog;flavor;knowledge","Use as source reference only; paraphrase all notes.","high","2026-05-22","Expansion-run source for Belvedere Vodka candidate identity, style, and review context."
"src_ketel_one_vodka_official","Ketel One Vodka","https://www.ketelone.com/vodka/ketel-one-vodka/","official_producer","Ketel One","catalog;flavor;knowledge","Use as source reference only; paraphrase all notes.","high","2026-05-22","Expansion-run source for Ketel One Vodka candidate identity, style, and review context."
"src_tito_s_handmade_vodka_official","Tito's Handmade Vodka","https://www.titosvodka.com/","official_producer","Tito's Handmade Vodka","catalog;flavor;knowledge","Use as source reference only; paraphrase all notes.","medium","2026-05-22","Expansion-run source for Tito's Handmade Vodka candidate identity, style, and review context."
"src_stoli_vodka_official","Stoli Vodka","https://stoli.com/products/stoli-vodka/","official_producer","Stoli Group","catalog;flavor;knowledge","Use as source reference only; paraphrase all notes.","high","2026-05-22","Expansion-run source for Stoli Vodka candidate identity, style, and review context."
"src_ciroc_vodka_official","Ciroc Vodka","https://www.ciroc.com/en-us/vodkas/ciroc-vodka","official_producer","Ciroc","catalog;flavor;knowledge","Use as source reference only; paraphrase all notes.","high","2026-05-22","Expansion-run source for Ciroc Vodka candidate identity, style, and review context."
"src_finlandia_vodka_official","Finlandia Vodka","https://www.finlandia.com/en/vodkas/finlandia-vodka","official_producer","Finlandia","catalog;flavor;knowledge","Use as source reference only; paraphrase all notes.","high","2026-05-22","Expansion-run source for Finlandia Vodka candidate identity, style, and review context."
"src_skyy_vodka_official","SKYY Vodka","https://www.skyyvodka.com/vodka/skyy-vodka/","official_producer","SKYY","catalog;flavor;knowledge","Use as source reference only; paraphrase all notes.","high","2026-05-22","Expansion-run source for SKYY Vodka candidate identity, style, and review context."
"src_courvoisier_vsop_official","Courvoisier VSOP","https://www.courvoisier.com/us/cognacs/vsop/","official_producer","Courvoisier","catalog;flavor;knowledge","Use as source reference only; paraphrase all notes.","high","2026-05-22","Expansion-run source for Courvoisier VSOP candidate identity, style, and review context."
"src_martell_cordon_bleu_official","Martell Cordon Bleu","https://www.martell.com/en-ww/cognacs/martell-cordon-bleu/","official_producer","Martell","catalog;flavor;knowledge","Use as source reference only; paraphrase all notes.","high","2026-05-22","Expansion-run source for Martell Cordon Bleu candidate identity, style, and review context."
"src_camus_vsop_cognac_official","Camus VSOP Cognac","https://camus.fr/en/cognacs/camus-vsop/","official_producer","Camus","catalog;flavor;knowledge","Use as source reference only; paraphrase all notes.","high","2026-05-22","Expansion-run source for Camus VSOP Cognac candidate identity, style, and review context."
"src_hennessy_xo_official","Hennessy XO","https://www.hennessy.com/en-us/cognac/hennessy-xo","official_producer","Hennessy","catalog;flavor;knowledge","Use as source reference only; paraphrase all notes.","high","2026-05-22","Expansion-run source for Hennessy XO candidate identity, style, and review context."
"src_remy_martin_1738_accord_royal_official","Remy Martin 1738 Accord Royal","https://www.remymartin.com/en-us/cognacs/remy-martin-1738-accord-royal/","official_producer","Remy Martin","catalog;flavor;knowledge","Use as source reference only; paraphrase all notes.","high","2026-05-22","Expansion-run source for Remy Martin 1738 Accord Royal candidate identity, style, and review context."
"src_torres_10_brandy_official","Torres 10 Brandy","https://www.torresbrandy.com/en/our-brandy/torres-10","official_producer","Familia Torres","catalog;flavor;knowledge","Use as source reference only; paraphrase all notes.","high","2026-05-22","Expansion-run source for Torres 10 Brandy candidate identity, style, and review context."
"src_metaxa_7_stars_official","Metaxa 7 Stars","https://www.metaxa.com/products/metaxa-7-stars/","official_producer","Metaxa","catalog;flavor;knowledge","Use as source reference only; paraphrase all notes.","high","2026-05-22","Expansion-run source for Metaxa 7 Stars candidate identity, style, and review context."
"src_pere_magloire_vsop_calvados_official","Pere Magloire VSOP Calvados","https://www.calvados-pere-magloire.com/en/our-calvados/pere-magloire-vsop/","official_producer","Pere Magloire","catalog;flavor;knowledge","Use as source reference only; paraphrase all notes.","high","2026-05-22","Expansion-run source for Pere Magloire VSOP Calvados candidate identity, style, and review context."
"src_cointreau_official","Cointreau Liqueur","https://www.cointreau.com/int/en/cointreau-liqueur","official_producer","Cointreau","catalog;flavor;knowledge","Use as source reference only; paraphrase all notes.","high","2026-05-22","Expansion-run source for Cointreau candidate identity, style, and review context."
"src_grand_marnier_cordon_rouge_official","Grand Marnier Cordon Rouge","https://www.grandmarnier.com/en-us/our-liqueurs/grand-marnier-cordon-rouge/","official_producer","Grand Marnier","catalog;flavor;knowledge","Use as source reference only; paraphrase all notes.","high","2026-05-22","Expansion-run source for Grand Marnier Cordon Rouge candidate identity, style, and review context."
"src_aperol_official","Aperol","https://www.aperol.com/","official_producer","Aperol","catalog;flavor;knowledge","Use as source reference only; paraphrase all notes.","medium","2026-05-22","Expansion-run source for Aperol candidate identity, style, and review context."
"src_campari_official","Campari","https://www.campari.com/","official_producer","Campari","catalog;flavor;knowledge","Use as source reference only; paraphrase all notes.","medium","2026-05-22","Expansion-run source for Campari candidate identity, style, and review context."
"src_jagermeister_official","Jagermeister","https://www.jagermeister.com/en-US/products/jagermeister","official_producer","Jagermeister","catalog;flavor;knowledge","Use as source reference only; paraphrase all notes.","high","2026-05-22","Expansion-run source for Jagermeister candidate identity, style, and review context."
"src_disaronno_originale_official","Disaronno Originale","https://www.disaronno.com/en/drinks/disaronno-originale/","official_producer","Disaronno","catalog;flavor;knowledge","Use as source reference only; paraphrase all notes.","high","2026-05-22","Expansion-run source for Disaronno Originale candidate identity, style, and review context."
"src_frangelico_official","Frangelico","https://www.frangelico.com/","official_producer","Frangelico","catalog;flavor;knowledge","Use as source reference only; paraphrase all notes.","medium","2026-05-22","Expansion-run source for Frangelico candidate identity, style, and review context."
"src_st_germain_elderflower_liqueur_official","St-Germain Elderflower Liqueur","https://www.stgermainliqueur.com/us/en/","official_producer","St-Germain","catalog;flavor;knowledge","Use as source reference only; paraphrase all notes.","high","2026-05-22","Expansion-run source for St-Germain Elderflower Liqueur candidate identity, style, and review context."
"src_kr_price_macallan_12_double_cask_dailyshot","The Macallan 12 Years Double Cask Korea KRW price observation","https://dailyshot.co/m/item/2328?item=91109","retailer","Dailyshot","price","Point-in-time Korea retailer/pickup observation only; not a live offer or canonical price.","medium","2026-05-22","Observed KRW 119000 for 700ml listing."
"src_kr_price_johnnie_walker_black_label_dailyshot","Johnnie Walker Black Label Korea KRW price observation","https://web.dailyshot.co/m/item/2460?item=368621&seller=16642","retailer","Dailyshot","price","Point-in-time Korea retailer/pickup observation only; not a live offer or canonical price.","medium","2026-05-22","Observed KRW 41900 for 700ml listing."
"src_kr_price_glenfiddich_12_dailyshot","Glenfiddich 12 Year Old Korea KRW price observation","https://dailyshot.co/m/item/2329?item=338208&seller=2433","retailer","Dailyshot","price","Point-in-time Korea retailer/pickup observation only; not a live offer or canonical price.","medium","2026-05-22","Observed KRW 86900 for 700ml listing."
"src_kr_price_buffalo_trace_dailyshot","Buffalo Trace Bourbon Korea KRW price observation","https://dailyshot.co/m/item/10104","retailer","Dailyshot","price","Point-in-time Korea retailer/pickup observation only; not a live offer or canonical price.","medium","2026-05-22","Observed KRW 39000 for 700ml listing."
"src_kr_price_makers_mark_dailyshot","Maker's Mark Bourbon Korea KRW price observation","https://dailyshot.co/m/item/3180","retailer","Dailyshot","price","Point-in-time Korea retailer/pickup observation only; not a live offer or canonical price.","medium","2026-05-22","Observed KRW 35000 for 700ml listing."
"src_kr_price_yamazaki_12_dailyshot","Yamazaki 12 Year Old Korea KRW price observation","https://web.dailyshot.co/m/item/3240?item=18085","retailer","Dailyshot","price","Point-in-time Korea retailer/pickup observation only; not a live offer or canonical price.","medium","2026-05-22","Observed KRW 375000 for 700ml listing."
"src_kr_price_ardbeg_10_dailyshot","Ardbeg 10 Year Old Korea KRW price observation","https://dailyshot.co/m/item/3195?item=73971","retailer","Dailyshot","price","Point-in-time Korea retailer/pickup observation only; not a live offer or canonical price.","medium","2026-05-22","Observed KRW 97900 for 700ml listing."
"src_kr_price_kim_crawford_sauvignon_blanc_dailyshot","Kim Crawford Sauvignon Blanc Korea KRW price observation","https://dailyshot.co/m/item/3692?item=199097","retailer","Dailyshot","price","Point-in-time Korea retailer/pickup observation only; not a live offer or canonical price.","medium","2026-05-22","Observed KRW 29900 for 750ml listing."
"src_kr_price_cloudy_bay_sauvignon_blanc_dailyshot","Cloudy Bay Sauvignon Blanc Korea KRW price observation","https://dailyshot.co/m/item/8758?item=25804","retailer","Dailyshot","price","Point-in-time Korea retailer/pickup observation only; not a live offer or canonical price.","medium","2026-05-22","Observed KRW 49900 for 750ml listing."
"src_kr_price_veuve_clicquot_yellow_label_dailyshot","Veuve Clicquot Yellow Label Brut Korea KRW price observation","https://api.dailyshot.co/m/item/4469?item=108352","retailer","Dailyshot","price","Point-in-time Korea retailer/pickup observation only; not a live offer or canonical price.","medium","2026-05-22","Observed KRW 79900 for 750ml listing."
"src_kr_price_moet_chandon_imperial_dailyshot","Moet & Chandon Brut Imperial Korea KRW price observation","https://dailyshot.co/m/item/4216?item=77688","retailer","Dailyshot","price","Point-in-time Korea retailer/pickup observation only; not a live offer or canonical price.","medium","2026-05-22","Observed KRW 64500 for 750ml listing."
"src_kr_price_yellow_tail_chardonnay_dailyshot","Yellow Tail Chardonnay Korea KRW price observation","https://dailyshot.co/m/item/22598?item=230283","retailer","Dailyshot","price","Point-in-time Korea retailer/pickup observation only; not a live offer or canonical price.","medium","2026-05-22","Observed KRW 14800 for 750ml listing."
"src_kr_price_casillero_del_diablo_cabernet_dailyshot","Casillero del Diablo Cabernet Sauvignon Korea KRW price observation","https://dailyshot.co/m/item/11944?item=372571&seller=14600","retailer","Dailyshot","price","Point-in-time Korea retailer/pickup observation only; not a live offer or canonical price.","medium","2026-05-22","Observed KRW 9900 for 750ml Diablo Cabernet listing; exact SKU mapping requires review."
"src_kr_price_guinness_draught_dailyshot","Guinness Draught Korea KRW price observation","https://dailyshot.co/m/item/18922?item=233609","retailer","Dailyshot","price","Point-in-time Korea retailer/pickup observation only; not a live offer or canonical price.","medium","2026-05-22","Observed KRW 4500 for 440ml can listing."
"src_kr_price_asahi_super_dry_dailyshot","Asahi Super Dry Korea KRW price observation","https://dailyshot.co/m/item/15832?item=120620&seller=14600","retailer","Dailyshot","price","Point-in-time Korea retailer/pickup observation only; not a live offer or canonical price.","medium","2026-05-22","Observed KRW 4900 for 340ml Nama Jokki can listing; broad candidate mapping requires review."
"src_kr_price_heineken_original_dailyshot","Heineken Original Korea KRW price observation","https://dailyshot.co/m/item/18975?item=182464","retailer","Dailyshot","price","Point-in-time Korea retailer/pickup observation only; not a live offer or canonical price.","medium","2026-05-22","Observed KRW 3000 for 500ml can listing."
"src_kr_price_hwayo_25_dailyshot","Hwayo 25 Korea KRW price observation","https://dailyshot.co/m/item/6680?item=254045&seller=18811","retailer","Dailyshot","price","Point-in-time Korea retailer/pickup observation only; not a live offer or canonical price.","medium","2026-05-22","Observed KRW 11000 for 375ml listing."
"src_kr_price_hwayo_41_dailyshot","Hwayo 41 Korea KRW price observation","https://dailyshot.co/m/item/4158?item=243178","retailer","Dailyshot","price","Point-in-time Korea retailer/pickup observation only; not a live offer or canonical price.","medium","2026-05-22","Observed KRW 29900 for 500ml listing."
"src_kr_price_tanqueray_london_dry_dailyshot","Tanqueray London Dry Gin Korea KRW price observation","https://dailyshot.co/m/item/4452?item=30342","retailer","Dailyshot","price","Point-in-time Korea retailer/pickup observation only; not a live offer or canonical price.","medium","2026-05-22","Observed KRW 29900 for 700ml listing."
"src_kr_price_hendricks_gin_dailyshot","Hendrick's Gin Korea KRW price observation","https://api.dailyshot.co/m/item/20178?item=200679&seller=16338","retailer","Dailyshot","price","Point-in-time Korea retailer/pickup observation only; not a live offer or canonical price.","medium","2026-05-22","Observed KRW 58000 for standard gin listing; package-size note requires review."
"src_kr_price_bombay_sapphire_dailyshot","Bombay Sapphire Gin Korea KRW price observation","https://dailyshot.co/m/item/2982","retailer","Dailyshot","price","Point-in-time Korea retailer/pickup observation only; not a live offer or canonical price.","medium","2026-05-22","Observed KRW 19500 for 750ml listing."
"src_kr_price_gordons_london_dry_dailyshot","Gordon's London Dry Gin Korea KRW price observation","https://dailyshot.co/m/item/13626","retailer","Dailyshot","price","Point-in-time Korea retailer/pickup observation only; not a live offer or canonical price.","medium","2026-05-22","Observed KRW 18900 for 750ml listing."
"src_kr_price_beefeater_london_dry_dailyshot","Beefeater London Dry Gin Korea KRW price observation","https://dailyshot.co/m/item/6148?item=133215","retailer","Dailyshot","price","Point-in-time Korea retailer/pickup observation only; not a live offer or canonical price.","medium","2026-05-22","Observed KRW 23000 for 700ml listing."
"src_kr_price_monkey_47_dailyshot","Monkey 47 Schwarzwald Dry Gin Korea KRW price observation","https://dailyshot.co/m/item/4368?item=130552","retailer","Dailyshot","price","Point-in-time Korea retailer/pickup observation only; not a live offer or canonical price.","medium","2026-05-22","Observed KRW 57900 for 500ml listing."
"src_kr_price_absolut_vodka_dailyshot","Absolut Vodka Korea KRW price observation","https://dailyshot.co/m/item/11739","retailer","Dailyshot","price","Point-in-time Korea retailer/pickup observation only; not a live offer or canonical price.","medium","2026-05-22","Observed KRW 22900 for 700ml listing."
"src_kr_price_grey_goose_dailyshot","Grey Goose Vodka Korea KRW price observation","https://dailyshot.co/m/item/12908","retailer","Dailyshot","price","Point-in-time Korea retailer/pickup observation only; not a live offer or canonical price.","medium","2026-05-22","Observed KRW 45000 for 700ml listing."
"src_kr_price_smirnoff_no_21_dailyshot","Smirnoff No. 21 Vodka Korea KRW price observation","https://dailyshot.co/m/item/13359?item=78530","retailer","Dailyshot","price","Point-in-time Korea retailer/pickup observation only; not a live offer or canonical price.","medium","2026-05-22","Observed KRW 30900 for 700ml Smirnoff Red listing; label mapping requires review."
"src_kr_price_belvedere_vodka_dailyshot","Belvedere Vodka Korea KRW price observation","https://dailyshot.co/m/item/12169?item=79422","retailer","Dailyshot","price","Point-in-time Korea retailer/pickup observation only; not a live offer or canonical price.","medium","2026-05-22","Observed KRW 49500 for 700ml listing."
"src_kr_price_titos_vodka_dailyshot","Tito's Handmade Vodka Korea KRW price observation","https://dailyshot.co/m/item/3274","retailer","Dailyshot","price","Point-in-time Korea retailer/pickup observation only; not a live offer or canonical price.","medium","2026-05-22","Observed KRW 30000 for 750ml listing."
"src_kr_price_don_julio_blanco_dailyshot","Don Julio Blanco Korea KRW price observation","https://dailyshot.co/m/item/14524","retailer","Dailyshot","price","Point-in-time Korea retailer/pickup observation only; not a live offer or canonical price.","medium","2026-05-22","Observed KRW 79000 for 700ml listing."
"src_kr_price_espolon_blanco_dailyshot","Espolon Blanco Korea KRW price observation","https://dailyshot.co/m/item/9683?item=98832","retailer","Dailyshot","price","Point-in-time Korea retailer/pickup observation only; not a live offer or canonical price.","medium","2026-05-22","Observed KRW 59000 for 750ml listing."
"src_kr_price_kahlua_dailyshot","Kahlua Original Coffee Liqueur Korea KRW price observation","https://dailyshot.co/m/item/10834?item=215209","retailer","Dailyshot","price","Point-in-time Korea retailer/pickup observation only; not a live offer or canonical price.","medium","2026-05-22","Observed KRW 29000 for 700ml listing."
"src_kr_price_campari_dailyshot","Campari Korea KRW price observation","https://dailyshot.co/m/item/12891","retailer","Dailyshot","price","Point-in-time Korea retailer/pickup observation only; not a live offer or canonical price.","medium","2026-05-22","Observed KRW 31000 for 700ml listing."
"src_kr_price_aperol_dailyshot","Aperol Korea KRW price observation","https://dailyshot.co/m/item/3438?item=157858","retailer","Dailyshot","price","Point-in-time Korea retailer/pickup observation only; not a live offer or canonical price.","medium","2026-05-22","Observed KRW 23800 for 700ml listing."
"src_kr_price_baileys_dailyshot","Baileys Original Irish Cream Korea KRW price observation","https://dailyshot.co/m/item/3225?item=78595","retailer","Dailyshot","price","Point-in-time Korea retailer/pickup observation only; not a live offer or canonical price.","medium","2026-05-22","Observed KRW 40900 for 700ml listing."
"src_kr_price_laphroaig_10_dailyshot","Laphroaig 10 Year Old Korea KRW price observation","https://dailyshot.co/m/item/27365?item=359479","retailer","Dailyshot","price","Point-in-time Korea retailer/pickup observation only; not a live offer or canonical price.","medium","2026-05-22","Observed KRW 79000 for 700ml 40% listing."
"src_kr_price_jameson_standard_1l_dailyshot","Jameson Irish Whiskey Korea KRW price observation","https://web.dailyshot.co/m/item/4922","retailer","Dailyshot","price","Point-in-time Korea retailer/pickup observation only; not a live offer or canonical price.","medium","2026-05-22","Observed KRW 38000 for 1L Jameson Standard listing."
"src_kr_price_hibiki_harmony_review_dailyshot","Hibiki Japanese Harmony Korea KRW price observation","https://dailyshot.co/m/reviews/208348","retailer","Dailyshot review card","price","Point-in-time Korea retailer/review-card observation only; not a live offer or canonical price.","low_medium","2026-05-22","Observed KRW 136500 from Dailyshot review/product card."
"src_kr_price_hennessy_vsop_dailyshot","Hennessy VSOP Korea KRW price observation","https://dailyshot.co/m/item/18123?item=236638","retailer","Dailyshot","price","Point-in-time Korea retailer/pickup observation only; not a live offer or canonical price.","medium","2026-05-22","Observed KRW 93000 for 700ml listing."
"src_kr_price_chamisul_search_dailyshot","Jinro Chamisul Fresh Korea KRW price observation","https://dailyshot.co/m/search/result?q=%EC%B0%B8%EC%9D%B4%EC%8A%AC","retailer","Dailyshot search result","price","Point-in-time Korea retailer/search-result observation only; not a live offer or canonical price.","low_medium","2026-05-22","Observed KRW 1900 for Chamisul 360ml bottle search result; exact Fresh mapping requires review."
"src_kr_price_jinro_is_back_dailyshot","Jinro Is Back Korea KRW price observation","https://dailyshot.co/m/item/12239","retailer","Dailyshot","price","Point-in-time Korea retailer/pickup observation only; not a live offer or canonical price.","medium","2026-05-22","Observed KRW 1600 for 360ml bottle listing."
"src_kr_price_chum_churum_search_dailyshot","Chum Churum Original Korea KRW price observation","https://dailyshot.co/m/search/result?q=%EC%B2%98%EC%9D%8C%EC%B2%98%EB%9F%BC","retailer","Dailyshot search result","price","Point-in-time Korea retailer/search-result observation only; not a live offer or canonical price.","low_medium","2026-05-22","Observed KRW 1900 for Chum Churum 360ml bottle search result."
"src_kr_price_bekseju_dailyshot","Kooksoondang Bekseju Korea KRW price observation","https://dailyshot.co/m/item/12251","retailer","Dailyshot","price","Point-in-time Korea retailer/pickup observation only; not a live offer or canonical price.","medium","2026-05-22","Observed KRW 4000 for 375ml listing."
"src_kr_price_kooksoondang_draft_makgeolli_dailyshot","Kooksoondang Draft Makgeolli Korea KRW price observation","https://web.dailyshot.co/m/item/19477?item=248738","retailer","Dailyshot","price","Point-in-time Korea retailer/pickup observation only; not a live offer or canonical price.","medium","2026-05-22","Observed KRW 2200 for 750ml fresh makgeolli listing."
"src_kr_price_boksun_doga_son_makgeolli_dailyshot","Boksun Doga Son Makgeolli Korea KRW price observation","https://dailyshot.co/m/item/7091?item=195655","retailer","Dailyshot","price","Point-in-time Korea retailer/pickup observation only; not a live offer or canonical price.","medium","2026-05-22","Observed KRW 14000 for 935ml listing."
"src_kr_price_dassai_45_dailyshot","Dassai 45 Korea KRW price observation","https://dailyshot.co/m/item/4971?item=284205","retailer","Dailyshot","price","Point-in-time Korea retailer/pickup observation only; not a live offer or canonical price.","medium","2026-05-22","Observed KRW 46000 for 720ml listing."
"src_kr_price_iichiko_silhouette_dailyshot","iichiko Silhouette Korea KRW price observation","https://dailyshot.co/m/item/7083","retailer","Dailyshot overseas direct","price","Point-in-time Korea KRW overseas-direct observation only; not a live offer or canonical price.","low_medium","2026-05-22","Observed KRW 24000 for 720ml overseas-direct listing."
"src_kr_price_kubota_senju_dailyshot","Kubota Senju Korea KRW price observation","https://dailyshot.co/m/item/5311?item=87931","retailer","Dailyshot","price","Point-in-time Korea retailer/pickup observation only; not a live offer or canonical price.","medium","2026-05-22","Observed KRW 37500 for 720ml listing."
"src_kr_price_gekkeikan_traditional_dailyshot","Gekkeikan Traditional Sake Korea KRW price observation","https://dailyshot.co/m/item/3337","retailer","Dailyshot","price","Point-in-time Korea retailer/pickup observation only; not a live offer or canonical price.","low_medium","2026-05-22","Observed KRW 14500 for Gekkeikan Junmai 750ml listing; broad candidate mapping requires review."
"src_kr_price_roku_gin_dailyshot","Roku Gin Korea KRW price observation","https://api.dailyshot.co/m/item/29510","retailer","Dailyshot","price","Point-in-time Korea retailer/pickup observation only; not a live offer or canonical price.","medium","2026-05-22","Observed KRW 53000 for 700ml listing."
"src_kr_price_botanist_gin_dailyshot","The Botanist Islay Dry Gin Korea KRW price observation","https://dailyshot.co/m/item/9875?item=32192","retailer","Dailyshot","price","Point-in-time Korea retailer/pickup observation only; not a live offer or canonical price.","medium","2026-05-22","Observed KRW 68000 for 700ml listing."
"src_kr_price_sipsmith_london_dry_dailyshot","Sipsmith London Dry Gin Korea KRW price observation","https://dailyshot.co/m/item/4558?item=154623","retailer","Dailyshot","price","Point-in-time Korea retailer/pickup observation only; not a live offer or canonical price.","medium","2026-05-22","Observed KRW 51000 for 700ml listing."
"src_kr_price_bacardi_carta_blanca_gift_dailyshot","Bacardi Carta Blanca Korea KRW price observation","https://dailyshot.co/m/item/3592","retailer","Dailyshot","price","Point-in-time Korea partner/package observation only; not a live offer or canonical price.","low_medium","2026-05-22","Observed KRW 22300 for Bacardi Carta Blanca gift set with glass and cola."
"src_kr_price_havana_club_3_dailyshot","Havana Club 3 Year Old Korea KRW price observation","https://dailyshot.co/m/item/6100","retailer","Dailyshot","price","Point-in-time Korea retailer/pickup observation only; not a live offer or canonical price.","medium","2026-05-22","Observed KRW 22000 for 700ml listing."
"src_kr_price_captain_morgan_dailyshot","Captain Morgan Original Spiced Gold Korea KRW price observation","https://dailyshot.co/m/item/12179","retailer","Dailyshot","price","Point-in-time Korea retailer/pickup observation only; not a live offer or canonical price.","low_medium","2026-05-22","Observed KRW 22900 for 700ml Captain Morgan Rum listing; exact Original Spiced Gold mapping requires review."
"src_kr_price_diplomatico_reserva_dailyshot","Diplomatico Reserva Exclusiva Korea KRW price observation","https://dailyshot.co/m/item/11994","retailer","Dailyshot","price","Point-in-time Korea retailer/pickup observation only; not a live offer or canonical price.","medium","2026-05-22","Observed KRW 65000 for 700ml listing."
"src_kr_price_patron_silver_search_dailyshot","Patron Silver Tequila Korea KRW price observation","https://dailyshot.co/m/search/result?q=%ED%8C%A8%ED%8A%B8%EB%A1%A0+%EC%8B%A4%EB%B2%84","retailer","Dailyshot search result","price","Point-in-time Korea retailer/search-result observation only; not a live offer or canonical price.","low_medium","2026-05-22","Observed KRW 95000 for Patron Silver 750ml search result."
"src_kr_price_don_julio_1942_dailyshot","Don Julio 1942 Korea KRW price observation","https://dailyshot.co/m/item/17454?item=228790","retailer","Dailyshot","price","Point-in-time Korea retailer/pickup observation only; not a live offer or canonical price.","medium","2026-05-22","Observed KRW 340000 for 750ml listing."
"src_kr_price_jose_cuervo_silver_dailyshot","Jose Cuervo Especial Silver Korea KRW price observation","https://dailyshot.co/m/item/4445","retailer","Dailyshot","price","Point-in-time Korea retailer/pickup observation only; not a live offer or canonical price.","medium","2026-05-22","Observed KRW 27000 for 750ml listing."
"src_kr_price_clase_azul_reposado_dailyshot","Clase Azul Tequila Reposado Korea KRW price observation","https://dailyshot.co/m/item/17314","retailer","Dailyshot","price","Point-in-time Korea retailer/pickup observation only; not a live offer or canonical price.","medium","2026-05-22","Observed KRW 339000 for 750ml listing."
"src_kr_price_ciroc_vodka_dailyshot","Ciroc Vodka Korea KRW price observation","https://dailyshot.co/m/item/5556?item=294212","retailer","Dailyshot","price","Point-in-time Korea retailer/pickup observation only; not a live offer or canonical price.","medium","2026-05-22","Observed KRW 83000 for 750ml listing."
"src_kr_price_skyy_vodka_dailyshot","SKYY Vodka Korea KRW price observation","https://web.dailyshot.co/m/item/5925?item=354142","retailer","Dailyshot","price","Point-in-time Korea retailer/pickup observation only; not a live offer or canonical price.","medium","2026-05-22","Observed KRW 23000 for 750ml listing."
"src_kr_price_finlandia_vodka_dailyshot","Finlandia Vodka Korea KRW price observation","https://dailyshot.co/m/item/3053","retailer","Dailyshot","price","Point-in-time Korea retailer/pickup observation only; not a live offer or canonical price.","medium","2026-05-22","Observed KRW 26000 for 700ml listing."
"src_kr_price_stoli_search_dailyshot","Stoli Vodka Korea KRW price observation","https://dailyshot.co/m/search/result?q=%EC%8A%A4%ED%86%A8%EB%A6%AC%EC%B9%98%EB%82%98%EC%95%BC+%EB%B3%B4%EB%93%9C%EC%B9%B4","retailer","Dailyshot search result","price","Point-in-time Korea retailer/search-result observation only; not a live offer or canonical price.","low_medium","2026-05-22","Observed KRW 44000 for Stolichnaya Vodka search result; package size requires review."
"src_kr_price_stoli_item_dailyshot","Stoli Vodka Korea package-size evidence","https://dailyshot.co/m/item/4419","retailer","Dailyshot","price","Point-in-time Korea retailer item page used only to support package size evidence; not a live offer or canonical price.","medium","2026-05-23","Dailyshot item page for Stolichnaya Vodka lists 700ml package size; price remains sourced from the retained search-result observation."
"src_kr_price_remy_martin_vsop_dailyshot","Remy Martin VSOP Korea KRW price observation","https://web.dailyshot.co/m/item/4019?item=43185","retailer","Dailyshot","price","Point-in-time Korea retailer/pickup observation only; not a live offer or canonical price.","medium","2026-05-22","Observed KRW 89000 for 700ml listing."
"src_kr_price_hennessy_xo_dailyshot","Hennessy XO Korea KRW price observation","https://dailyshot.co/m/item/4602","retailer","Dailyshot","price","Point-in-time Korea retailer/pickup observation only; not a live offer or canonical price.","medium","2026-05-22","Observed KRW 293000 for 700ml listing."
"src_kr_price_camus_vsop_dailyshot","Camus VSOP Cognac Korea KRW price observation","https://dailyshot.co/m/item/4990?item=306755","retailer","Dailyshot","price","Point-in-time Korea retailer/pickup observation only; not a live offer or canonical price.","medium","2026-05-22","Observed KRW 90000 for 700ml listing."
"src_kr_price_martell_cordon_bleu_dailyshot","Martell Cordon Bleu Korea KRW price observation","https://dailyshot.co/m/item/5686","retailer","Dailyshot","price","Point-in-time Korea retailer/pickup observation only; not a live offer or canonical price.","medium","2026-05-22","Observed KRW 239000 for 700ml listing."
"src_kr_price_cointreau_dailyshot","Cointreau Korea KRW price observation","https://dailyshot.co/m/item/5400","retailer","Dailyshot","price","Point-in-time Korea retailer/pickup observation only; not a live offer or canonical price.","medium","2026-05-22","Observed KRW 28000 for 700ml listing."
"src_kr_price_grand_marnier_dailyshot","Grand Marnier Cordon Rouge Korea KRW price observation","https://dailyshot.co/m/item/5401?item=220973","retailer","Dailyshot","price","Point-in-time Korea retailer/pickup observation only; not a live offer or canonical price.","medium","2026-05-22","Observed KRW 39000 for 700ml Grand Marnier listing."
"src_kr_price_jagermeister_dailyshot","Jagermeister Korea KRW price observation","https://dailyshot.co/m/item/3241?item=191998","retailer","Dailyshot","price","Point-in-time Korea retailer/pickup observation only; not a live offer or canonical price.","medium","2026-05-22","Observed KRW 42000 for 700ml listing."
"src_kr_price_disaronno_dailyshot","Disaronno Originale Korea KRW price observation","https://dailyshot.co/m/item/3960?item=1138","retailer","Dailyshot","price","Point-in-time Korea retailer/pickup observation only; not a live offer or canonical price.","medium","2026-05-22","Observed KRW 37400 for 700ml listing."
"src_kr_price_frangelico_dailyshot","Frangelico Korea KRW price observation","https://dailyshot.co/m/item/5435","retailer","Dailyshot","price","Point-in-time Korea retailer/pickup observation only; not a live offer or canonical price.","low_medium","2026-05-22","Observed KRW 36000 for Frangelico listing; package-size note requires review."
"src_kr_price_st_germain_dailyshot","St-Germain Elderflower Liqueur Korea KRW price observation","https://dailyshot.co/m/item/3961?item=216682","retailer","Dailyshot","price","Point-in-time Korea retailer/pickup observation only; not a live offer or canonical price.","medium","2026-05-22","Observed KRW 55000 for 750ml listing."
"src_kr_price_corona_extra_dailyshot","Corona Extra Korea KRW price observation","https://dailyshot.co/m/item/19158?item=196223&seller=16741","retailer","Dailyshot","price","Point-in-time Korea retailer/pickup observation only; not a live offer or canonical price.","medium","2026-05-22","Observed KRW 2700 for 355ml bottle listing."
"src_kr_price_tsingtao_lager_dailyshot","Tsingtao Lager Korea KRW price observation","https://dailyshot.co/m/item/18953","retailer","Dailyshot","price","Point-in-time Korea retailer/pickup observation only; not a live offer or canonical price.","medium","2026-05-22","Observed KRW 3500 for 640ml bottle listing."
"src_kr_price_stella_artois_dailyshot","Stella Artois Lager Korea KRW price observation","https://dailyshot.co/m/item/18935?item=120614&seller=4829","retailer","Dailyshot","price","Point-in-time Korea retailer/pickup observation only; not a live offer or canonical price.","low_medium","2026-05-22","Observed KRW 5400 for 740ml can listing; multi-buy unit price note requires review."
"src_kr_price_hoegaarden_original_dailyshot","Hoegaarden Original White Ale Korea KRW price observation","https://dailyshot.co/m/item/7958?item=206653","retailer","Dailyshot","price","Point-in-time Korea retailer/pickup observation only; not a live offer or canonical price.","low_medium","2026-05-22","Observed KRW 2700 for 330ml Hoegaarden Witbeer listing."
"src_kr_price_budweiser_search_dailyshot_2026_05_23","Budweiser Korea KRW price observation","https://dailyshot.co/m/search/result?q=%EB%B2%84%EB%93%9C%EC%99%80%EC%9D%B4%EC%A0%80","retailer","Dailyshot search result","price","Point-in-time Korea retailer/search-result observation only; not a live offer or canonical price.","low_medium","2026-05-23","Observed KRW 3000 for Budweiser aluminum bottle 355ml search result."
"src_kr_price_sapporo_premium_dailyshot_2026_05_23","Sapporo Premium Beer Korea KRW price observation","https://dailyshot.co/m/item/20915","retailer","Dailyshot","price","Point-in-time Korea retailer/pickup observation only; not a live offer or canonical price.","medium","2026-05-23","Observed KRW 4500 for 330ml bottle listing."
"src_kr_price_peroni_nastro_azzurro_kihya_2026_05_23","Peroni Nastro Azzurro Korea KRW price observation","https://m.kihya.com/goods/goods_view.php?goodsNo=1000005622","retailer","Kihya","price","Point-in-time Korea retailer case listing only; not a live offer or canonical price.","low_medium","2026-05-23","Observed KRW 102900 for 24x330ml case listing."
"src_kr_price_remy_martin_1738_dailyshot_2026_05_23","Remy Martin 1738 Accord Royal Korea KRW price observation","https://api.dailyshot.co/m/item/5105","retailer","Dailyshot","price","Point-in-time Korea retailer/pickup observation only; not a live offer or canonical price.","low_medium","2026-05-23","Observed KRW 128000 for 700ml listing."
"src_kr_price_plymouth_gin_kihya_2026_05_23","Plymouth Gin Korea KRW price observation","https://m.kihya.com/goods/goods_view.php?goodsNo=1000011760","retailer","Kihya","price","Point-in-time Korea retailer listing only; not a live offer or canonical price.","medium","2026-05-23","Observed KRW 48900 for 700ml listing."
"src_kr_price_myers_original_dark_kihya_2026_05_23","Myers's Original Dark Rum Korea KRW price observation","https://m.kihya.com/goods/goods_view.php?goodsNo=1000010855","retailer","Kihya","price","Korea-facing overseas-direct KRW observation only; taxes and final landed price may differ.","low_medium","2026-05-23","Observed KRW 56900 for 700ml tax-included overseas-direct listing."
"src_kr_price_ron_zacapa_23_kihya_2026_05_23","Ron Zacapa 23 Korea KRW price observation","https://m.kihya.com/goods/goods_view.php?goodsNo=1000003022","retailer","Kihya","price","Point-in-time Korea retailer listing only; not a live offer or canonical price.","medium","2026-05-23","Observed KRW 113700 for 750ml listing."
"src_kr_price_kuro_kirishima_dailyshot_2026_05_23","Kuro Kirishima Korea KRW price observation","https://dailyshot.co/m/item/15356","retailer","Dailyshot","price","Point-in-time Korea retailer/pickup observation only; not a live offer or canonical price.","medium","2026-05-23","Observed KRW 39900 for 720ml listing."
"src_kr_price_casamigos_blanco_duty_free_dailyshot_2026_05_23","Casamigos Blanco Korea KRW duty-free price observation","https://dailyshot.co/m/search/result?q=%EC%B9%B4%EC%82%AC%EB%AF%B8%EA%B3%A0%EC%8A%A4","retailer","Dailyshot search result","price","Point-in-time Korea duty-free/search-result observation only; not a live offer or canonical price.","low_medium","2026-05-23","Observed KRW 63843 for Casamigos Blanco 1L duty-free search result."
"src_kr_price_olmeca_altos_plata_dailyshot_2026_05_23","Olmeca Altos Plata Korea KRW price observation","https://dailyshot.co/m/item/27135","retailer","Dailyshot","price","Point-in-time Korea retailer/pickup observation only; not a live offer or canonical price.","medium","2026-05-23","Observed KRW 30000 for 700ml listing."
"src_kr_price_kooksoondang_100_billion_busan_2020_05_14","Kooksoondang 100 Billion Prebiotics Makgeolli historical KRW price reference","https://www.busan.com/view/busan/view.php?code=2020051415253664262","public_data","Busan Ilbo","price","Dated Korean press article used only as historical retail price reference; not current price evidence.","low_medium","2026-05-23","Article dated 2020-05-14 reports KRW 3500 large-supermarket retail price for 750ml bottle."
"src_kr_price_courvoisier_vsop_whiskymarketplace_2026_06_04","Courvoisier VSOP Korea-facing KRW price observation","https://www.whiskymarketplace.kr/courvoisier-cognac","retailer","Whisky Marketplace Korea","price","Korea-facing marketplace comparison observation only; converted KRW prices can change and are not canonical live offers.","low_medium","2026-06-04","Observed regular Courvoisier VSOP 700ml KRW comparison entries around KRW 69763 to KRW 130000."
"src_kr_price_ketel_one_whiskymarketplace_2026_06_04","Ketel One Vodka Korea-facing KRW price observation","https://www.whiskymarketplace.kr/ketel-one-vodka","retailer","Whisky Marketplace Korea","price","Korea-facing marketplace comparison observation only; converted KRW prices can change and are not canonical live offers.","low_medium","2026-06-04","Observed KRW 46061 for Ketel One Vodka 70cl listing."
"src_kr_price_mount_gay_eclipse_whiskymarketplace_2026_06_04","Mount Gay Eclipse Korea-facing KRW price observation","https://www.whiskymarketplace.kr/mount-gay-rum","retailer","Whisky Marketplace Korea","price","Korea-facing marketplace comparison observation only; converted KRW prices can change and are not canonical live offers.","low_medium","2026-06-04","Observed Mount Gay Eclipse 700ml entries around KRW 38588 to KRW 41123; ABV variant requires review."
"src_kr_price_torres_10_dailyshot_2026_06_04","Torres 10 Brandy Korea KRW price observation","https://dailyshot.co/m/item/5088","retailer","Dailyshot","price","Point-in-time Korea retailer/pickup observation only; not a live offer or canonical price.","medium","2026-06-04","Observed KRW 35000 for 700ml listing."
"src_kr_price_goslings_black_seal_dailyshot_2026_06_04","Goslings Black Seal Rum Korea KRW price observation","https://dailyshot.co/m/item/4178","retailer","Dailyshot","price","Point-in-time Korea retailer/pickup observation only; not a live offer or canonical price.","medium","2026-06-04","Observed KRW 65000 for 750ml listing."
"src_kr_price_planteray_3_stars_winenara_2026_06_04","Planteray 3 Stars Rum Korea KRW price observation","https://www.winenara.com/shop/product/product_view?product_cd=15A032","retailer","Winenara","price","Point-in-time Korea retailer/store reservation observation only; not a live offer or canonical price.","low_medium","2026-06-04","Observed KRW 49000 for PLANTATION(PLANTERAY) 3 STARS; package size must be confirmed by reviewer."
"src_kr_price_robert_mondavi_private_selection_vint_dailyshot_2026_06_04","Robert Mondavi Private Selection Cabernet Sauvignon Korea KRW price observation","https://dailyshot.co/m/item/26063","retailer","Dailyshot","price","Point-in-time Korea retailer/pickup observation only; not a live offer or canonical price.","medium","2026-06-04","Observed KRW 26000 for 750ml Robert Mondavi Private Selection Vint Cabernet Sauvignon listing."
